[
  {
    "id": "fb01",
    "name": "Мясная",
    "description": "Пицца соус, сыр Моцарелла, томат, куриное филе, пепперони, свинина, бекон",
    "price": 685,
    "image": "img/food-band/meet.jpg"
  },
  {
    "id": "fb02",
    "name": "Маргарита",
    "description": "Пицца соус, сыр Моцарелла, томат",
    "price": 693,
    "image": "img/food-band/margarita.jpg"
  },
  {
    "id": "fb03",
    "name": "Пепперони",
    "description": "Пицца соус, пепперони, сыр Моцарелла",
    "price": 595,
    "image": "img/food-band/pepperoni.jpg"
  },
  {
    "id": "fb04",
    "name": "Семь сыров",
    "description": "Сыр моцарелла, сыр эмменталь, соус сырный, сыр горгондзола, сыр чеддер, сыр креметте, сыр фетакса, сыр пармезан",
    "price": 785,
    "image": "img/food-band/seven-cheeses.jpg"
  },
  {
    "id": "fb05",
    "name": "Том Ям",
    "description": "Креветки, куриное филе, соус Том Ям, сыр Моцарелла, шампиньоны, капуста брокколи, томат.",
    "price": 695,
    "image": "img/food-band/tom-yam.jpg"
  },
  {
    "id": "fb06",
    "name": "Норвежская",
    "description": "Сливочный соус, соус манго-чили, сыр моцарелла, лук красный, перец болгарский, ломтики лосося, салат Айсберг",
    "price": 875,
    "image": "img/food-band/norwegian.jpg"
  }
]