[
  {
    "id": "gl01",
    "name": "Пельмени теленок с поросем",
    "description": "Настоящие самолепные пельмени из пушистого теста на деревенских желтках и сметане",
    "price": 390,
    "image": "img/gusi-lebedi/dumplings.jpg"
  },
  {
    "id": "gl02",
    "name": "Плов",
    "description": "Плов на углях из правильного риса с бараниной, пряностями и овощами на курдючном жире",
    "price": 520,
    "image": "img/gusi-lebedi/plov.jpg"
  },
  {
    "id": "gl03",
    "name": "Цыпленок на вертеле",
    "description": "Подается на лаваше со свежим томатом и огурцом, с маринованным луком и с шашлычным соусом",
    "price": 490,
    "image": "img/gusi-lebedi/chick.jpg"
  },
  {
    "id": "gl04",
    "name": "Суп Курочка ряба",
    "description": "Кура тушка, морковь, макароны, зелень, яйцо, соль, специи.",
    "price": 140,
    "image": "img/gusi-lebedi/chicken-soup.jpg"
  },
  {
    "id": "gl05",
    "name": "Отбивная из поросенка",
    "description": "Толстый кусок парной свинины с томатами и грибами под сырной корочкой",
    "price": 490,
    "image": "img/gusi-lebedi/pig-chop.jpg"
  },
  {
    "id": "gl06",
    "name": "Теленок в сливочном соусе",
    "description": "Теленок с шампиньонами и луком обжаривается в сливочно-сметанном соусе с картофельным пюре и солеными огурчиками.",
    "price": 530,
    "image": "img/gusi-lebedi/calf-sauce.jpg"
  },
  {
    "id": "gl07",
    "name": "Судак запеченный",
    "description": "Филе судака с картошкой, деревенской сметаной, травами и луком",
    "price": 490,
    "image": "img/gusi-lebedi/zander.jpg"
  },
  {
    "id": "gl08",
    "name": "Мурманские кальмары",
    "description": "Мурманские кальмары с чесночным маслом",
    "price": 420,
    "image": "img/gusi-lebedi/squid.jpg"
  },
  {
    "id": "gl09",
    "name": "Щучья уха на карасях",
    "description": "Наваристая походная уха на четырех рыбах, лаврухе, перце и луке с водкой.",
    "price": 380,
    "image": "img/gusi-lebedi/ear.jpg"
  }
]
