[
  {
    "id": "ps01",
    "name": "Комбо 3 пиццы",
    "description": "Пепперони, Чикен Барбекю, Капричеза",
    "price": 899,
    "image": "img/palki-skalki/combo.jpg"
  },
  {
    "id": "ps02",
    "name": "Пицца Римская",
    "description": "30 см. Корнишоны, томатный соус, колбаса, красный лучок, сыр моцарелла, помидоры Черри, зелень.",
    "price": 408,
    "image": "img/palki-skalki/rome.jpg"
  },
  {
    "id": "ps03",
    "name": "Пицца Фьюжн",
    "description": "Сыр моцарелла, соус томатный, курица, пепперони, перец болгарский, томаты, лук красный, соус бургер, лук зеленый",
    "price": 499,
    "image": "img/palki-skalki/fusion.jpg"
  },
  {
    "id": "ps04",
    "name": "Эби удон",
    "description": "Японский супчик на мисо бульоне с добавлением яйца, тигровой креветки, лапши, шампиньонов и зеленого лучка.",
    "price": 319,
    "image": "img/palki-skalki/udon.jpg"
  },
  {
    "id": "ps05",
    "name": "Чизбургер",
    "description": "Мясная котлета, салат Айсберг, Шеф-соус, помидоры, корнишоны, сыр Чеддер, соус Барбекю",
    "price": 358,
    "image": "img/palki-skalki/cheeseburger.jpg"
  },
  {
    "id": "ps06",
    "name": "Буррито с курицей",
    "description": "Сыр, помидор, цыпленок, перец сладкий, лук, салат, яичный блинчик, соус сырный, тортилья, кетчуп",
    "price": 356,
    "image": "img/palki-skalki/burrito.jpg"
  }
]
