[
  {
    "id": "pb01",
    "name": "Пицца от Шеф-повара",
    "description": "Сыр моцарелла, помидоры, салями, бекон, сыр пармезан, зелень, ветчина",
    "price": 638,
    "image": "img/pizza-burger/pizza-dacha.jpg"
  },
  {
    "id": "pb02",
    "name": "Пицца Мясное ассорти",
    "description": "Сыр моцарелла, фирменный соус, помидоры, куриная грудка, бекон, свинина, говядина, зелень",
    "price": 693,
    "image": "img/pizza-burger/pizza-meat.jpg"
  },
  {
    "id": "pb03",
    "name": "Пицца Деревенская",
    "description": "Сыр моцарелла, пицца соус, чеснок, сыр пармезан, шампиньоны, помидоры, зелень, лук, курица, бекон, ветчина, пепперони",
    "price": 705,
    "image": "img/pizza-burger/pizza-village.jpg"
  },
  {
    "id": "pb04",
    "name": "Пицца Цезарь",
    "description": "Соус Цезарь, куриная грудка, сыр пармезан, моцарелла, гренки, помидоры, салат айсберг",
    "price": 759,
    "image": "img/pizza-burger/pizza-caesar.jpg"
  },
  {
    "id": "pb05",
    "name": "Пицца Пепперони",
    "description": "Сыр моцарелла, пицца соус, шампиньоны, пепперони",
    "price": 475,
    "image": "img/pizza-burger/pizza-pepperoni.jpg"
  },
  {
    "id": "pb06",
    "name": "Пицца Дачная",
    "description": "Сыр моцарелла, пицца соус, бекон, картофель фри, куриная грудка, помидоры, пепперони, ветчина, зелень",
    "price": 649,
    "image": "img/pizza-burger/pizza-dacha.jpg"
  }
]
